id,name,age
001,홍길동,25
002,이순신,35
003,박영희,28
004,김태희,31
005,정우성,40
006,장미희,29
007,송중기,32
008,김소연,27
009,한효주,34
010,김혜수,38
011,유아인,33
012,최민식,45
013,강호동,42
014,신민아,37
015,이민정,30
016,이병헌,41
017,김유정,26
018,박보검,28
019,정지훈,39
020,손예진,36
021,이승기,35
022,고소영,38
023,박신양,44
024,주진모,43
025,이영애,41
026,이정재,40
027,하정우,42
028,김희선,39
029,윤아,30
030,임시완,32
031,박해일,38
032,김태리,29
033,조인성,37
034,박서준,33
035,설경구,46
036,이민호,34
037,조정석,35
038,김래원,40
039,문채원,35
040,이다희,33
041,장근석,32
042,박보영,31
043,김수현,34
044,김남길,38
045,안성기,60
046,전지현,39
047,강동원,38
048,최지우,44
049,류준열,34
050,김지원,30
